generation,num_attempted,num_proposed,num_retained,num_selected_A,num_selected_B,num_valid,num_repeated,num_success_repeated,num_timeout,avg_time_success,avg_time_fail,ei_avg,sp_avg,ei_sel_avg,sp_sel_avg,added_points,size_pareto,num_group_A,num_group_B,num_group_C
1,500,500,500,-1,-1,164,0,0,81,1132.728480232925,245.63908073668387,0,0,0,0,36,36,500,0,0
2,57215,49882,3000,2850,150,40,0,0,96,949.2073226511478,732.1420091826741,0.5484890742151478,0.35330174639545564,0.9306933333333333,0.10004673454732418,16,47,40365,4807,4710
3,57134,49884,3000,2850,150,48,0,0,96,788.7973341892163,705.8148984526977,0.49004594659610295,0.3656871499390945,0.8609733333333335,0.13198510008996056,16,61,40678,4445,4761
4,56999,49897,3000,2850,150,93,0,0,81,813.6243484814962,661.331960619442,0.45715662264264384,0.36003078817199247,0.83524,0.2646993441350658,26,87,40573,4559,4765
5,56631,49910,3000,2850,150,86,0,0,95,773.6681850899098,679.9580764950824,0.4847461430575035,0.3784510588087963,0.79948,0.2684039250732839,20,104,40380,4811,4719
6,56634,49874,3000,2850,150,82,0,0,79,879.8680179060959,485.77015439383416,0.48797457593134697,0.3835093834565932,0.7860133333333335,0.26072612442930115,25,116,40223,5016,4635
7,56762,49888,3000,2850,150,97,0,0,87,825.6255893903909,564.562569710715,0.4917220974983964,0.38074615121075,0.77028,0.3173550128624472,25,127,40346,5012,4530
8,57074,49896,3000,2850,150,130,0,0,65,847.9915768329914,356.1909218197777,0.49111271444604776,0.38485481702001423,0.75248,0.4250731801747811,32,134,40509,4982,4405
9,57044,49894,3000,2850,150,124,0,0,55,828.3729924751866,392.92253097029754,0.5144139175051108,0.401430102202018,0.76996,0.3924336787646005,29,153,40275,5272,4347
10,57011,49895,3000,2850,150,126,0,0,54,881.3809086330353,218.56208402514457,0.4981703176671009,0.39451917171753276,0.7606,0.43082204658648077,21,160,40308,5244,4343
11,57170,49888,3000,2850,150,137,0,0,36,844.6591979587165,292.40334540464744,0.6799563822963439,0.3964502316065984,0.94516,0.44829431667251657,25,185,40571,5119,4198
12,57218,49907,3000,2850,150,134,0,0,69,842.613059319667,137.4208779236705,0.6821360530586892,0.39282598645073397,0.9527466666666669,0.564203471353483,21,203,40427,5274,4206
13,57317,49897,3000,2850,150,130,0,0,59,923.9172114060475,162.023444029662,0.6524239132613183,0.3914719742612619,0.9259733333333334,0.4785011903395783,28,214,40399,5156,4342
14,57151,49892,3000,2850,150,139,0,0,49,906.0117934401944,136.73523009462016,0.6659683315962479,0.3944329790613275,0.9397733333333333,0.5164604691259123,28,237,40280,5342,4270
15,57017,49907,3000,2850,150,133,0,0,53,958.2094271541538,157.14174882361763,0.6613069910032661,0.3945763520417261,0.9573333333333333,0.4804426877736485,24,221,40293,5173,4441
16,57409,49897,3000,2850,150,120,0,0,51,885.3155847211679,156.33241054069165,0.6750509249053049,0.39285918271429954,0.9366000000000001,0.40191198553752466,17,236,40355,5200,4342
17,57277,49900,3000,2850,150,114,0,0,55,863.5221415820874,218.02152735768382,0.6896325450901805,0.39483155556009464,0.9451333333333332,0.37826758754514345,26,250,40381,5175,4344
18,57188,49894,3000,2850,150,126,0,0,48,830.8043446067779,142.83779478451564,0.6550826151441056,0.39517609306487467,0.9345466666666667,0.4288909659250864,16,232,40243,5252,4399
19,57426,49891,3000,2850,150,114,0,0,59,930.0157150552984,137.36597905947468,0.6947244192339299,0.39766664131558316,0.9431733333333333,0.426945211011293,21,252,40219,5312,4360
20,57325,49887,3000,2850,150,121,0,0,40,840.7362768925911,151.37302830236422,0.656535129392427,0.3913552220508624,0.9176666666666669,0.3910732545065648,18,248,40343,5263,4281
21,57387,49887,3000,2850,150,109,0,0,46,1012.7987905642308,173.806394820412,0.7042319642391804,0.3970809679637228,0.9269832775919733,0.35544488278695163,19,264,40224,5392,4271
22,57674,49890,3000,2850,150,125,0,0,48,893.7831753444672,154.23302481869075,0.6691055522148726,0.3994938478672163,0.9312666666666667,0.4142812410234554,17,276,40293,5375,4222
23,57658,49899,3000,2850,150,115,0,0,42,972.1563428567804,160.22647796310744,0.666148179322231,0.4092108070098754,0.9030666666666666,0.365372910852244,17,282,40312,5257,4330
24,57619,49908,3000,2850,150,116,0,0,50,869.1629847473112,138.0790169683855,0.6738386631401779,0.410470537247277,0.91996,0.3980263036521735,16,295,40334,5215,4359
25,57641,49895,3000,2850,150,90,0,0,53,899.1399832460615,137.96181008162773,0.6742114440324681,0.4074054585058359,0.9111066666666666,0.3305946359350465,19,290,40433,5113,4349
26,57671,49894,3000,2850,150,114,0,0,62,893.3714484833835,162.52642787464202,0.662426664528801,0.4014263564025348,0.9050266666666668,0.39018998817667305,11,295,40467,5160,4267
27,57958,49890,3000,2850,150,111,0,0,51,932.0637057514878,111.27489318536675,0.6493735017037482,0.40401832423145073,0.8921866666666665,0.4065977446374814,16,304,40541,5083,4266
28,57824,49888,3000,2850,150,110,0,0,36,920.5012238805945,150.75532918936247,0.6783494227068634,0.40386707923731496,0.9053733333333334,0.3708940823478972,13,313,40594,5031,4263
29,58023,49880,3000,2850,150,114,0,0,41,944.2388083265539,123.4845401763916,0.6774514033680834,0.40530812062267974,0.9043333333333332,0.3832913727906231,19,323,40587,5089,4204
30,58250,49875,3000,2850,150,131,0,0,42,918.4338599907533,134.44790919371476,0.6749702255639097,0.4031116602362212,0.8875733333333335,0.4425754130559536,16,338,40618,4997,4260
31,58075,49906,3000,2850,150,123,0,0,51,942.7659324611105,121.38834081188081,0.6817834328537651,0.3984425191841311,0.9203333333333334,0.4128694733106923,14,352,40606,5018,4282
32,57982,49897,3000,2850,150,105,0,0,58,823.0044117655073,103.68009913228724,0.667459847285408,0.398458848990644,0.9132266666666667,0.36949750252407126,16,364,40741,5026,4130
33,58343,49887,3000,2850,150,106,0,0,47,920.0939338926999,160.43558925674074,0.6794822699300418,0.39513050932098537,0.92132,0.3487477062188098,12,374,40808,4906,4173
34,58443,49891,3000,2850,150,118,0,0,52,962.8141721264791,174.30794756962703,0.6441503277144174,0.391523402873197,0.8792933333333334,0.3832604876638088,12,386,40839,4796,4256
35,58384,49893,3000,2850,150,114,0,0,55,967.7510372818562,142.8861056120341,0.6261263103040506,0.39165357771001735,0.8655333333333334,0.40172507318121975,16,398,40638,4997,4258
36,58519,49885,3000,2850,150,108,0,0,52,924.3813919667845,125.01252766677311,0.6359829207176506,0.38452944309361287,0.88092,0.35913325097210014,13,410,40980,4771,4134
37,58470,49882,3000,2850,150,126,0,0,50,895.4551540972694,132.75710693607485,0.6452952969006855,0.37984923026953976,0.8874113712374583,0.40993468103603753,12,417,41051,4603,4228
38,58592,49887,3000,2850,150,99,0,0,57,920.228314729652,175.18462588224145,0.6468004089241687,0.3843042636252928,0.8911866666666667,0.3238542072919177,15,432,40907,4780,4200
39,58752,49895,3000,2850,150,135,0,0,46,901.9359171337552,139.80625713572783,0.6759615993586532,0.3789800824287015,0.8898266666666665,0.4263384633363298,15,432,40978,4629,4288
40,58985,49873,3000,2850,150,121,0,0,39,842.2170350453085,181.0975046822003,0.6375622882120586,0.37963654101178856,0.8745866666666666,0.37713771765728954,9,434,41064,4525,4284
41,58642,49883,3000,2850,150,94,0,0,62,998.37858878298,151.81498633987374,0.6222118156486178,0.37606868249934594,0.8768533333333333,0.3306329158650653,14,442,41120,4610,4153
